NUMERO;NOM;TYPE_1;TYPE_2;POINTS_DE_VIE;POINTS_ATTAQUE;POINTS_DEFFENCE;POINTS_ATTAQUE_SPECIALE;POINT_DEFENSE_SPECIALE;POINTS_VITESSE;NOMBRE_GENERATIONS;LEGENDAIRE
1;Bulbizarre;Herbe;Poison;45;49;49;65;65;45;1;FAUX
2;Herbizarre;Herbe;Poison;60;62;63;80;80;60;1;FAUX
3;Florizarre;Herbe;Poison;80;82;83;100;100;80;1;FAUX
4;Mega Florizarre;Herbe;Poison;80;100;123;122;120;80;1;FAUX
5;Salamèche;Feu;;39;52;43;60;50;65;1;FAUX
6;Reptincel;Feu;;58;64;58;80;65;80;1;FAUX
7;Dracaufeu;Feu;Vol;78;84;78;109;85;100;1;FAUX
8;Mega Dracaufeu X;Feu;Dragon;78;130;111;130;85;100;1;FAUX
9;Mega Dracaufeu Y;Feu;Vol;78;104;78;159;115;100;1;FAUX
10;Carapuce;Eau;;44;48;65;50;64;43;1;FAUX
11;Carabaffe;Eau;;59;63;80;65;80;58;1;FAUX
12;Tortank;Eau;;79;83;100;85;105;78;1;FAUX
13;Mega Tortank;Eau;;79;103;120;135;115;78;1;FAUX
14;Chenipan;Insecte;;45;30;35;20;20;45;1;FAUX
15;Chrysacier;Insecte;;50;20;55;25;25;30;1;FAUX
16;Papilusion;Insecte;Vol;60;45;50;90;80;70;1;FAUX
17;Aspicot;Insecte;Poison;40;35;30;20;20;50;1;FAUX
18;Coconfort;Insecte;Poison;45;25;50;25;25;35;1;FAUX
19;Dardargnan;Insecte;Poison;65;90;40;45;80;75;1;FAUX
20;Mega Dardagnan;Insecte;Poison;65;150;40;15;80;145;1;FAUX
21;Roucool;Normal;Vol;40;45;40;35;35;56;1;FAUX
22;Roucoups;Normal;Vol;63;60;55;50;50;71;1;FAUX
23;Roucarnage;Normal;Vol;83;80;75;70;70;101;1;FAUX
24;Mega Roucarnage;Normal;Vol;83;80;80;135;80;121;1;FAUX
25;Rattata;Normal;;30;56;35;25;35;72;1;FAUX
26;Rattatac;Normal;;55;81;60;50;70;97;1;FAUX
27;Piafabec;Normal;Vol;40;60;30;31;31;70;1;FAUX
28;Rapasdepic;Normal;Vol;65;90;65;61;61;100;1;FAUX
29;Abo;Poison;;35;60;44;40;54;55;1;FAUX
30;Arbok;Poison;;60;85;69;65;79;80;1;FAUX
31;Pikachu;Electrique;;35;55;40;50;50;90;1;FAUX
32;Raichu;Electrique;;60;90;55;90;80;110;1;FAUX
33;Sabelette;Sol;;50;75;85;20;30;40;1;FAUX
34;Sablaireau;Sol;;75;100;110;45;55;65;1;FAUX
35;Nidoran male;Poison;;55;47;52;40;40;41;1;FAUX
36;Nidorina;Poison;;70;62;67;55;55;56;1;FAUX
37;Nidoqueen;Poison;Sol;90;92;87;75;85;76;1;FAUX
38;Nidoran femelle;Poison;;46;57;40;40;40;50;1;FAUX
39;Nidorino;Poison;;61;72;57;55;55;65;1;FAUX
40;Nidoking;Poison;Sol;81;102;77;85;75;85;1;FAUX
41;Mélofée;Fée;;70;45;48;60;65;35;1;FAUX
42;Mélodelfe;Fée;;95;70;73;95;90;60;1;FAUX
43;Goupix;Feu;;38;41;40;50;65;65;1;FAUX
44;Feunard;Feu;;73;76;75;81;100;100;1;FAUX
45;Rondoudou;Normal;Fée;115;45;20;45;25;20;1;FAUX
46;Grodoudou;Normal;Fée;140;70;45;85;50;45;1;FAUX
47;Nosferapti;Poison;Vol;40;45;35;30;40;55;1;FAUX
48;Nosferalto;Poison;Vol;75;80;70;65;75;90;1;FAUX
49;Mystherbe;Herbe;Poison;45;50;55;75;65;30;1;FAUX
50;Ortide;Herbe;Poison;60;65;70;85;75;40;1;FAUX
51;Rafflesia;Herbe;Poison;75;80;85;110;90;50;1;FAUX
52;Paras;Insecte;Herbe;35;70;55;45;55;25;1;FAUX
53;Parasect;Insecte;Herbe;60;95;80;60;80;30;1;FAUX
54;Mimitoss;Insecte;Poison;60;55;50;40;55;45;1;FAUX
55;Aéromite;Insecte;Poison;70;65;60;90;75;90;1;FAUX
56;Taupiqueur;Sol;;10;55;25;35;45;95;1;FAUX
57;Triopikeur;Sol;;35;80;50;50;70;120;1;FAUX
58;Miaouss;Normal;;40;45;35;40;40;90;1;FAUX
59;Persian;Normal;;65;70;60;65;65;115;1;FAUX
60;Psykokwak;Eau;;50;52;48;65;50;55;1;FAUX
61;Akwakwak;Eau;;80;82;78;95;80;85;1;FAUX
62;Férosinge;Combat;;40;80;35;35;45;70;1;FAUX
63;;Combat;;65;105;60;60;70;95;1;FAUX
64;Caninos;Feu;;55;70;45;70;50;60;1;FAUX
65;Arcanin;Feu;;90;110;80;100;80;95;1;FAUX
66;Ptitard;Eau;;40;50;40;40;40;90;1;FAUX
67;Têtarte;Eau;;65;65;65;50;50;90;1;FAUX
68;Tartard;Eau;Combat;90;95;95;70;90;70;1;FAUX
69;Abra;Psy;;25;20;15;105;55;90;1;FAUX
70;Kadabra;Psy;;40;35;30;120;70;105;1;FAUX
71;Alakazam;Psy;;55;50;45;135;95;120;1;FAUX
72;Mega Alakazam;Psy;;55;50;65;175;95;150;1;FAUX
73;Machoc;Combat;;70;80;50;35;35;35;1;FAUX
74;Machopeur;Combat;;80;100;70;50;60;45;1;FAUX
75;Mackogneur;Combat;;90;130;80;65;85;55;1;FAUX
76;Chétiflor;Herbe;Poison;50;75;35;70;30;40;1;FAUX
77;Boustiflor;Herbe;Poison;65;90;50;85;45;55;1;FAUX
78;Empiflor;Herbe;Poison;80;105;65;100;70;70;1;FAUX
79;Tentacool;Eau;Poison;40;40;35;50;100;70;1;FAUX
80;Tentacruel;Eau;Poison;80;70;65;80;120;100;1;FAUX
81;Racaillou;Roche;Sol;40;80;100;30;30;20;1;FAUX
82;Gravalanch;Roche;Sol;55;95;115;45;45;35;1;FAUX
83;Grolem;Roche;Sol;80;120;130;55;65;45;1;FAUX
84;Ponyta;Feu;;50;85;55;65;65;90;1;FAUX
85;Galopa;Feu;;65;100;70;80;80;105;1;FAUX
86;Ramoloss;Eau;Psy;90;65;65;40;40;15;1;FAUX
87;Flagadoss;Eau;Psy;95;75;110;100;80;30;1;FAUX
88;Mega Flagadoss;Eau;Psy;95;75;180;130;80;30;1;FAUX
89;Magnéti;Electrique;Acier;25;35;70;95;55;45;1;FAUX
90;Magnéton;Electrique;Acier;50;60;95;120;70;70;1;FAUX
91;Canarticho;Normal;Vol;52;65;55;58;62;60;1;FAUX
92;Doduo;Normal;Vol;35;85;45;35;35;75;1;FAUX
93;Dodrio;Normal;Vol;60;110;70;60;60;100;1;FAUX
94;Otaria;Eau;;65;45;55;45;70;45;1;FAUX
95;Lamantine;Eau;Glace;90;70;80;70;95;70;1;FAUX
96;Tadmorv;Poison;;80;80;50;40;50;25;1;FAUX
97;Grotadmorv;Poison;;105;105;75;65;100;50;1;FAUX
98;Kokiyas;Eau;;30;65;100;45;25;40;1;FAUX
99;Crustabri;Eau;Glace;50;95;180;85;45;70;1;FAUX
100;Fantominus;Spectre;Poison;30;35;30;100;35;80;1;FAUX
101;Spectrum;Spectre;Poison;45;50;45;115;55;95;1;FAUX
102;Ectoplasma;Spectre;Poison;60;65;60;130;75;110;1;FAUX
103;Mega Ectoplasma;Spectre;Poison;60;65;80;170;95;130;1;FAUX
104;Onix;Roche;Sol;35;45;160;30;45;70;1;FAUX
105;Soporifik;Psy;;60;48;45;43;90;42;1;FAUX
106;Hypnomade;Psy;;85;73;70;73;115;67;1;FAUX
107;Krabby;Eau;;30;105;90;25;25;50;1;FAUX
108;Krabboss;Eau;;55;130;115;50;50;75;1;FAUX
109;Voltorbe;Electrique;;40;30;50;55;55;100;1;FAUX
110;Électrode;Electrique;;60;50;70;80;80;140;1;FAUX
111;Noeunoeuf;Herbe;Psy;60;40;80;60;45;40;1;FAUX
112;Noadkoko;Herbe;Psy;95;95;85;125;65;55;1;FAUX
113;Osselait;Sol;;50;50;95;40;50;35;1;FAUX
114;Ossatueur;Sol;;60;80;110;50;80;45;1;FAUX
115;Kicklee;Combat;;50;120;53;35;110;87;1;FAUX
116;Tygnon;Combat;;50;105;79;35;110;76;1;FAUX
117;Excelangue;Normal;;90;55;75;60;75;30;1;FAUX
118;Smogo;Poison;;40;65;95;60;45;35;1;FAUX
119;Smogogo;Poison;;65;90;120;85;70;60;1;FAUX
120;Rhinocorne;Sol;Roche;80;85;95;30;30;25;1;FAUX
121;Rhinoféros;Sol;Roche;105;130;120;45;45;40;1;FAUX
122;Leveinard;Normal;;250;5;5;35;105;50;1;FAUX
123;Saquedeneu;Herbe;;65;55;115;100;40;60;1;FAUX
124;Kangourex;Normal;;105;95;80;40;80;90;1;FAUX
125;Mega Kangourex;Normal;;105;125;100;60;100;100;1;FAUX
126;Hypotrempe;Eau;;30;40;70;70;25;60;1;FAUX
127;Hypocéan;Eau;;55;65;95;95;45;85;1;FAUX
128;Poissirène;Eau;;45;67;60;35;50;63;1;FAUX
129;Poissoroy;Eau;;80;92;65;65;80;68;1;FAUX
130;Stari;Eau;;30;45;55;70;55;85;1;FAUX
131;Staross;Eau;Psy;60;75;85;100;85;115;1;FAUX
132;M. Mime;Psy;Fée;40;45;65;100;120;90;1;FAUX
133;Insécateur;Insecte;Vol;70;110;80;55;80;105;1;FAUX
134;Lippoutou;Glace;Psy;65;50;35;115;95;95;1;FAUX
135;Élektek;Electrique;;65;83;57;95;85;105;1;FAUX
136;Magmar;Feu;;65;95;57;100;85;93;1;FAUX
137;Scarabrute;Insecte;;65;125;100;55;70;85;1;FAUX
138;Mega Scarabrute;Insecte;Vol;65;155;120;65;90;105;1;FAUX
139;Tauros;Normal;;75;100;95;40;70;110;1;FAUX
140;Magicarpe;Eau;;20;10;55;15;20;80;1;FAUX
141;Léviator;Eau;Vol;95;125;79;60;100;81;1;FAUX
142;Mega Léviator;Eau;Obscur;95;155;109;70;130;81;1;FAUX
143;Lokhlass;Eau;Glace;130;85;80;85;95;60;1;FAUX
144;Métamorph;Normal;;48;48;48;48;48;48;1;FAUX
145;Évoli;Normal;;55;55;50;45;65;55;1;FAUX
146;Aquali;Eau;;130;65;60;110;95;65;1;FAUX
147;Voltali;Electrique;;65;65;60;110;95;130;1;FAUX
148;Pyroli;Feu;;65;130;60;95;110;65;1;FAUX
149;Porygon;Normal;;65;60;70;85;75;40;1;FAUX
150;Amonita;Roche;Eau;35;40;100;90;55;35;1;FAUX
151;Amonistar;Roche;Eau;70;60;125;115;70;55;1;FAUX
152;Kabuto;Roche;Eau;30;80;90;55;45;55;1;FAUX
153;Kabutops;Roche;Eau;60;115;105;65;70;80;1;FAUX
154;Ptéra;Roche;Vol;80;105;65;60;75;130;1;FAUX
155;Mega Ptéra;Roche;Vol;80;135;85;70;95;150;1;FAUX
156;Ronflex;Normal;;160;110;65;65;110;30;1;FAUX
157;Artikodin;Glace;Vol;90;85;100;95;125;85;1;VRAI
158;Électhor;Electrique;Vol;90;90;85;125;90;100;1;VRAI
159;Sulfura;Feu;Vol;90;100;90;125;85;90;1;VRAI
160;Minidraco;Dragon;;41;64;45;50;50;50;1;FAUX
161;Draco;Dragon;;61;84;65;70;70;70;1;FAUX
162;Dracolosse;Dragon;Vol;91;134;95;100;100;80;1;FAUX
163;Mewtwo;Psy;;106;110;90;154;90;130;1;VRAI
164;Mega Mewtwo X;Psy;Combat;106;190;100;154;100;130;1;VRAI
165;Mega Mewtwo Y;Psy;;106;150;70;194;120;140;1;VRAI
166;Mew;Psy;;100;100;100;100;100;100;1;FAUX
167;Germignon;Herbe;;45;49;65;49;65;45;2;FAUX
168;Macronium;Herbe;;60;62;80;63;80;60;2;FAUX
169;Méganium;Herbe;;80;82;100;83;100;80;2;FAUX
170;Héricendre;Feu;;39;52;43;60;50;65;2;FAUX
171;Feurisson;Feu;;58;64;58;80;65;80;2;FAUX
172;Typhlosion;Feu;;78;84;78;109;85;100;2;FAUX
173;Kaiminus;Eau;;50;65;64;44;48;43;2;FAUX
174;Crocrodil;Eau;;65;80;80;59;63;58;2;FAUX
175;Aligatueur;Eau;;85;105;100;79;83;78;2;FAUX
176;Fouinette;Normal;;35;46;34;35;45;20;2;FAUX
177;Fouinar;Normal;;85;76;64;45;55;90;2;FAUX
178;Hoothoot;Normal;Vol;60;30;30;36;56;50;2;FAUX
179;Noarfang;Normal;Vol;100;50;50;76;96;70;2;FAUX
180;Coxy;Insecte;Vol;40;20;30;40;80;55;2;FAUX
181;Coxyclaque;Insecte;Vol;55;35;50;55;110;85;2;FAUX
182;Mimigal;Insecte;Poison;40;60;40;40;40;30;2;FAUX
183;Migalos;Insecte;Poison;70;90;70;60;60;40;2;FAUX
184;Nostenfer;Poison;Vol;85;90;80;70;80;130;2;FAUX
185;Loupio;Eau;Electrique;75;38;38;56;56;67;2;FAUX
186;Lanturn;Eau;Electrique;125;58;58;76;76;67;2;FAUX
187;Pichu;Electrique;;20;40;15;35;35;60;2;FAUX
188;Mélo;Fée;;50;25;28;45;55;15;2;FAUX
189;Toudoudou;Normal;Fée;90;30;15;40;20;15;2;FAUX
190;Togepi;Fée;;35;20;65;40;65;20;2;FAUX
191;Togetic;Fée;Vol;55;40;85;80;105;40;2;FAUX
192;Natu;Psy;Vol;40;50;45;70;45;70;2;FAUX
193;Xatu;Psy;Vol;65;75;70;95;70;95;2;FAUX
194;Wattouat;Electrique;;55;40;40;65;45;35;2;FAUX
195;Lainergie;Electrique;;70;55;55;80;60;45;2;FAUX
196;Pharamp;Electrique;;90;75;85;115;90;55;2;FAUX
197;Mega Pharamp;Electrique;Dragon;90;95;105;165;110;45;2;FAUX
198;Joliflor;Herbe;;75;80;95;90;100;50;2;FAUX
199;Marill;Eau;Fée;70;20;50;20;50;40;2;FAUX
200;Azumarill;E;Fée;100;50;80;60;80;50;2;FAUX
201;Simularbre;Roche;;70;100;115;30;65;30;2;FAUX
202;Tarpaud;Eau;;90;75;75;90;100;70;2;FAUX
203;Granivol;Herbe;Vol;35;35;40;35;55;50;2;FAUX
204;Floravol;Herbe;Vol;55;45;50;45;65;80;2;FAUX
205;Cotovol;Herbe;Vol;75;55;70;55;95;110;2;FAUX
206;Capumain;Normal;;55;70;55;40;55;85;2;FAUX
207;Tournegrin;Herbe;;30;30;30;30;30;30;2;FAUX
208;Héliatronc;Herbe;;75;75;55;105;85;30;2;FAUX
209;Yanma;Insecte;Vol;65;65;45;75;45;95;2;FAUX
210;Axoloto;Eau;Sol;55;45;45;25;25;15;2;FAUX
211;Maraiste;Eau;Sol;95;85;85;65;65;35;2;FAUX
212;Mentali;Psy;;65;65;60;130;95;110;2;FAUX
213;Noctali;Obscur;;95;65;110;60;130;65;2;FAUX
214;Cornèbre;Obscur;Vol;60;85;42;85;42;91;2;FAUX
215;Roigada;Eau;Psy;95;75;80;100;110;30;2;FAUX
216;Feuforêve;Spectre;;60;60;60;85;85;85;2;FAUX
217;Zarbi;Psy;;48;72;48;72;48;48;2;FAUX
218;Qulbutoké;Psy;;190;33;58;33;58;33;2;FAUX
219;Girafarig;Normal;Psy;70;80;65;90;65;85;2;FAUX
220;Pomdepik;Insecte;;50;65;90;35;35;15;2;FAUX
221;Foretress;Insecte;Acier;75;90;140;60;60;40;2;FAUX
222;Insolourdo;Normal;;100;70;70;65;65;45;2;FAUX
223;Scorplane;Sol;Vol;65;75;105;35;65;85;2;FAUX
224;Steelix;Acier;Sol;75;85;200;55;65;30;2;FAUX
225;Mega Steelix;Acier;Sol;75;125;230;55;95;30;2;FAUX
226;Snubbull;Fée;;60;80;50;40;40;30;2;FAUX
227;Granbull;Fée;;90;120;75;60;60;45;2;FAUX
228;Qwilfish;Eau;Poison;65;95;75;55;55;85;2;FAUX
229;Cizayox;Insecte;Acier;70;130;100;55;80;65;2;FAUX
230;Mega Cizayox;Insecte;Acier;70;150;140;65;100;75;2;FAUX
231;Caratroc;Insecte;Roche;20;10;230;10;230;5;2;FAUX
232;Scarhino;Insecte;Combat;80;125;75;40;95;85;2;FAUX
233;Mega Scarhino;Insecte;Combat;80;185;115;40;105;75;2;FAUX
234;Farfuret;Obscur;Glace;55;95;55;35;75;115;2;FAUX
235;Teddiursa;Normal;;60;80;50;50;50;40;2;FAUX
236;Ursaring;Normal;;90;130;75;75;75;55;2;FAUX
237;Limagma;Feu;;40;40;40;70;40;20;2;FAUX
238;Volcaropod;Feu;Roche;50;50;120;80;80;30;2;FAUX
239;Marcacrin;Glace;Sol;50;50;40;30;30;50;2;FAUX
240;Cochignon;Glace;Sol;100;100;80;60;60;50;2;FAUX
241;Corayon;Eau;Roche;55;55;85;65;85;35;2;FAUX
242;Rémoraid;Eau;;35;65;35;65;35;65;2;FAUX
243;Octillery;Eau;;75;105;75;105;75;45;2;FAUX
244;Cadoizo;Glace;Vol;45;55;45;65;45;75;2;FAUX
245;Démanta;Eau;Vol;65;40;70;80;140;70;2;FAUX
246;Airmure;Acier;Vol;65;80;140;40;70;70;2;FAUX
247;Malosse;Obscur;Feu;45;60;30;80;50;65;2;FAUX
248;Démolosse;Obscur;Feu;75;90;50;110;80;95;2;FAUX
249;Mega Démolosse;Obscur;Feu;75;90;90;140;90;115;2;FAUX
250;Hyporoi;Eau;Dragon;75;95;95;95;95;85;2;FAUX
251;Phanpy;Sol;;90;60;60;40;40;40;2;FAUX
252;Donphan;Sol;;90;120;120;60;60;50;2;FAUX
253;Porygon2;Normal;;85;80;90;105;95;60;2;FAUX
254;Cerfrousse;Normal;;73;95;62;85;65;85;2;FAUX
255;Queulorior;Normal;;55;20;35;20;45;75;2;FAUX
256;Debugant;Combat;;35;35;35;35;35;35;2;FAUX
257;Kapoera;Combat;;50;95;95;35;110;70;2;FAUX
258;Lippouti;Glace;Psy;45;30;15;85;65;65;2;FAUX
259;Élekid;Electrique;;45;63;37;65;55;95;2;FAUX
260;Magby;Feu;;45;75;37;70;55;83;2;FAUX
261;Écrémeuh;Normal;;95;80;105;40;70;100;2;FAUX
262;Leuphorie;Normal;;255;10;10;75;135;55;2;FAUX
263;Raikou;Electrique;;90;85;75;115;100;115;2;VRAI
264;Entei;Feu;;115;115;85;90;75;100;2;VRAI
265;Suicune;Eau;;100;75;115;90;115;85;2;VRAI
266;Embrylex;Roche;Sol;50;64;50;45;50;41;2;FAUX
267;Ymphect;Roche;Sol;70;84;70;65;70;51;2;FAUX
268;Tyranocif;Roche;Obscur;100;134;110;95;100;61;2;FAUX
269;Mega Tyranocif;Roche;Obscur;100;164;150;95;120;71;2;FAUX
270;Lugia;Psy;Vol;106;90;130;90;154;110;2;VRAI
271;Ho-Oh;Feu;Vol;106;130;90;110;154;90;2;VRAI
272;Celebi;Psy;Herbe;100;100;100;100;100;100;2;FAUX
273;Arcko;Herbe;;40;45;35;65;55;70;3;FAUX
274;Massko;Herbe;;50;65;45;85;65;95;3;FAUX
275;Jungko;Herbe;;70;85;65;105;85;120;3;FAUX
276;Mega Jungko;Herbe;Dragon;70;110;75;145;85;145;3;FAUX
277;Poussifeu;Feu;;45;60;40;70;50;45;3;FAUX
278;Galifeu;Feu;Combat;60;85;60;85;60;55;3;FAUX
279;Braségali;Feu;Combat;80;120;70;110;70;80;3;FAUX
280;Mega Braségali;Feu;Combat;80;160;80;130;80;100;3;FAUX
281;Gobou;Eau;;50;70;50;50;50;40;3;FAUX
282;Flobio;Eau;Sol;70;85;70;60;70;50;3;FAUX
283;Laggron;Eau;Sol;100;110;90;85;90;60;3;FAUX
284;Mega Laggron;Eau;Sol;100;150;110;95;110;70;3;FAUX
285;Medhyèna;Obscur;;35;55;35;30;30;35;3;FAUX
286;Grahyèna;Obscur;;70;90;70;60;60;70;3;FAUX
287;Zigzaton;Normal;;38;30;41;30;41;60;3;FAUX
288;Linéon;Normal;;78;70;61;50;61;100;3;FAUX
289;Chenipotte;Insecte;;45;45;35;20;30;20;3;FAUX
290;Armulys;Insecte;;50;35;55;25;25;15;3;FAUX
291;Charmillon;Insecte;Vol;60;70;50;100;50;65;3;FAUX
292;Blindalys;Insecte;;50;35;55;25;25;15;3;FAUX
293;Papinox;Insecte;Poison;60;50;70;50;90;65;3;FAUX
294;Nénupiot;Eau;Herbe;40;30;30;40;50;30;3;FAUX
295;Lombre;Eau;Herbe;60;50;50;60;70;50;3;FAUX
296;Ludicolo;Eau;Herbe;80;70;70;90;100;70;3;FAUX
297;Grainipiot;Herbe;;40;40;50;30;30;30;3;FAUX
298;Pifeuil;Herbe;Obscur;70;70;40;60;40;60;3;FAUX
299;Tengalice;Herbe;Obscur;90;100;60;90;60;80;3;FAUX
300;Nirondelle;Normal;Vol;40;55;30;30;30;85;3;FAUX
301;Hélédelle;Normal;Vol;60;85;60;50;50;125;3;FAUX
302;Goélise;Eau;Vol;40;30;30;55;30;85;3;FAUX
303;Bekipan;Eau;Vol;60;50;100;85;70;65;3;FAUX
304;Tarsal;Psy;Fée;28;25;25;45;35;40;3;FAUX
305;Kirlia;Psy;Fée;38;35;35;65;55;50;3;FAUX
306;Gardevoir;Psy;Fée;68;65;65;125;115;80;3;FAUX
307;Mega Gardevoir;Psy;Fée;68;85;65;165;135;100;3;FAUX
308;Arakdo;Insecte;Eau;40;30;32;50;52;65;3;FAUX
309;Maskadra;Insecte;Vol;70;60;62;80;82;60;3;FAUX
310;Balignon;Herbe;;60;40;60;40;60;35;3;FAUX
311;Chapignon;Herbe;Combat;60;130;80;60;60;70;3;FAUX
312;Parecool;Normal;;60;60;60;35;35;30;3;FAUX
313;Vigoroth;Normal;;80;80;80;55;55;90;3;FAUX
314;Monaflèmit;Normal;;150;160;100;95;65;100;3;FAUX
315;Ningale;Insecte;Sol;31;45;90;30;30;40;3;FAUX
316;Ninjask;Insecte;Vol;61;90;45;50;50;160;3;FAUX
317;Munja;Insecte;Spectre;1;90;45;30;30;40;3;FAUX
318;Chuchmur;Normal;;64;51;23;51;23;28;3;FAUX
319;Ramboum;Normal;;84;71;43;71;43;48;3;FAUX
320;Brouhabam;Normal;;104;91;63;91;73;68;3;FAUX
321;Makuhita;Combat;;72;60;30;20;30;25;3;FAUX
322;Hariyama;Combat;;144;120;60;40;60;50;3;FAUX
323;Azurill;Normal;Fée;50;20;40;20;40;20;3;FAUX
324;Tarinor;Roche;;30;45;135;45;90;30;3;FAUX
325;Skitty;Normal;;50;45;45;35;35;50;3;FAUX
326;Delcatty;Normal;;70;65;65;55;55;70;3;FAUX
327;Ténéfix;Obscur;Spectre;50;75;75;65;65;50;3;FAUX
328;Mega Ténéfix;Obscur;Spectre;50;85;125;85;115;20;3;FAUX
329;Mysdibule;Acier;Fée;50;85;85;55;55;50;3;FAUX
330;Mega Mysdibule;Acier;Fée;50;105;125;55;95;50;3;FAUX
331;Galekid;Acier;Roche;50;70;100;40;40;30;3;FAUX
332;Galegon;Acier;Roche;60;90;140;50;50;40;3;FAUX
333;Galeking;Acier;Roche;70;110;180;60;60;50;3;FAUX
334;Mega Laggron;Acier;;70;140;230;60;80;50;3;FAUX
335;Méditikka;Combat;Psy;30;40;55;40;55;60;3;FAUX
336;Charmina;Combat;Psy;60;60;75;60;75;80;3;FAUX
337;Mega Charmina;Combat;Psy;60;100;85;80;85;100;3;FAUX
338;Dynavolt;Electrique;;40;45;40;65;40;65;3;FAUX
339;Élecsprint;Electrique;;70;75;60;105;60;105;3;FAUX
340;Mega Élecsprint;Electrique;;70;75;80;135;80;135;3;FAUX
341;Posipi;Electrique;;60;50;40;85;75;95;3;FAUX
342;Négapi;Electrique;;60;40;50;75;85;95;3;FAUX
343;Muciole;Insecte;;65;73;55;47;75;85;3;FAUX
344;Lumivole;Insecte;;65;47;55;73;75;85;3;FAUX
345;Rosélia;Herbe;Poison;50;60;45;100;80;65;3;FAUX
346;Gloupti;Poison;;70;43;53;43;53;40;3;FAUX
347;Avaltout;Poison;;100;73;83;73;83;55;3;FAUX
348;Carvanha;Eau;Obscur;45;90;20;65;20;65;3;FAUX
349;Sharpedo;Eau;Obscur;70;120;40;95;40;95;3;FAUX
350;Mega Sharpedo;Eau;Obscur;70;140;70;110;65;105;3;FAUX
351;Wailmer;Eau;;130;70;35;70;35;60;3;FAUX
352;Wailord;Eau;;170;90;45;90;45;60;3;FAUX
353;Chamallot;Feu;Sol;60;60;40;65;45;35;3;FAUX
354;Camérupt;Feu;Sol;70;100;70;105;75;40;3;FAUX
355;Mega Camérupt;Feu;Sol;70;120;100;145;105;20;3;FAUX
356;Chartor;Feu;;70;85;140;85;70;20;3;FAUX
357;Spoink;Psy;;60;25;35;70;80;60;3;FAUX
358;Groret;Psy;;80;45;65;90;110;80;3;FAUX
359;Spinda;Normal;;60;60;60;60;60;60;3;FAUX
360;Kraknoix;Sol;;45;100;45;45;45;10;3;FAUX
361;Vibraninf;Sol;Dragon;50;70;50;50;50;70;3;FAUX
362;Libégon;Sol;Dragon;80;100;80;80;80;100;3;FAUX
363;Cacnea;Herbe;;50;85;40;85;40;35;3;FAUX
364;Cacturne;Herbe;Obscur;70;115;60;115;60;55;3;FAUX
365;Tylton;Normal;Vol;45;40;60;40;75;50;3;FAUX
366;Altaria;Dragon;Vol;75;70;90;70;105;80;3;FAUX
367;Mega Altaria;Dragon;Fée;75;110;110;110;105;80;3;FAUX
368;Mangriff;Normal;;73;115;60;60;60;90;3;FAUX
369;Séviper;Poison;;73;100;60;100;60;65;3;FAUX
370;Séléroc;Roche;Psy;70;55;65;95;85;70;3;FAUX
371;Solaroc;Roche;Psy;70;95;85;55;65;70;3;FAUX
372;Barloche;Eau;Sol;50;48;43;46;41;60;3;FAUX
373;Barbicha;Eau;Sol;110;78;73;76;71;60;3;FAUX
374;Écrapince;Eau;;43;80;65;50;35;35;3;FAUX
375;Colhomard;Eau;Obscur;63;120;85;90;55;55;3;FAUX
376;Balbuto;Sol;Psy;40;40;55;40;70;55;3;FAUX
377;Kaorine;Sol;Psy;60;70;105;70;120;75;3;FAUX
378;Lilia;Roche;Herbe;66;41;77;61;87;23;3;FAUX
379;Vacilys;Roche;Herbe;86;81;97;81;107;43;3;FAUX
380;Anorith;Roche;Insecte;45;95;50;40;50;75;3;FAUX
381;Armaldo;Roche;Insecte;75;125;100;70;80;45;3;FAUX
382;Barpau;Eau;;20;15;20;10;55;80;3;FAUX
383;Milobellus;Eau;;95;60;79;100;125;81;3;FAUX
384;Morphéo;Normal;;70;70;70;70;70;70;3;FAUX
385;Kecleon;Normal;;60;90;70;60;120;40;3;FAUX
386;Polichombr;Spectre;;44;75;35;63;33;45;3;FAUX
387;Branette;Spectre;;64;115;65;83;63;65;3;FAUX
388;Mega Branette;Spectre;;64;165;75;93;83;75;3;FAUX
389;Skelénox;Spectre;;20;40;90;30;90;25;3;FAUX
390;Téraclope;Spectre;;40;70;130;60;130;25;3;FAUX
391;Tropius;Herbe;Vol;99;68;83;72;87;51;3;FAUX
392;Éoko;Psy;;65;50;70;95;80;65;3;FAUX
393;Absol;Obscur;;65;130;60;75;60;75;3;FAUX
394;Mega Absol;Obscur;;65;150;60;115;60;115;3;FAUX
395;Okéoké;Psy;;95;23;48;23;48;23;3;FAUX
396;Stalgamin;Glace;;50;50;50;50;50;50;3;FAUX
397;Oniglali;Glace;;80;80;80;80;80;80;3;FAUX
398;Mega Oniglali;Glace;;80;120;80;120;80;100;3;FAUX
399;Obalie;Glace;Eau;70;40;50;55;50;25;3;FAUX
400;Phogleur;Glace;Eau;90;60;70;75;70;45;3;FAUX
401;Kaimorse;Glace;Eau;110;80;90;95;90;65;3;FAUX
402;Coquiperl;Eau;;35;64;85;74;55;32;3;FAUX
403;Serpang;Eau;;55;104;105;94;75;52;3;FAUX
404;Rosabyss;Eau;;55;84;105;114;75;52;3;FAUX
405;Relicanth;Eau;Roche;100;90;130;45;65;55;3;FAUX
406;Lovdisc;Eau;;43;30;55;40;65;97;3;FAUX
407;Draby;Dragon;;45;75;60;40;30;50;3;FAUX
408;Drackhaus;Dragon;;65;95;100;60;50;50;3;FAUX
409;Drattak;Dragon;Vol;95;135;80;110;80;100;3;FAUX
410;Mega Drattak;Dragon;Vol;95;145;130;120;90;120;3;FAUX
411;Terhal;Acier;Psy;40;55;80;35;60;30;3;FAUX
412;Métang;Acier;Psy;60;75;100;55;80;50;3;FAUX
413;Métalosse;Acier;Psy;80;135;130;95;90;70;3;FAUX
414;Mega Métalosse;Acier;Psy;80;145;150;105;110;110;3;FAUX
415;Regirock;Roche;;80;100;200;50;100;50;3;VRAI
416;Regice;Glace;;80;50;100;100;200;50;3;VRAI
417;Registeel;Acier;;80;75;150;75;150;50;3;VRAI
418;Latias;Dragon;Psy;80;80;90;110;130;110;3;VRAI
419;Mega Latias;Dragon;Psy;80;100;120;140;150;110;3;VRAI
420;Latios;Dragon;Psy;80;90;80;130;110;110;3;VRAI
421;Mega Latios;Dragon;Psy;80;130;100;160;120;110;3;VRAI
422;Kyogre;Eau;;100;100;90;150;140;90;3;VRAI
423;Kyogre primaire;Eau;;100;150;90;180;160;90;3;VRAI
424;Groudon;Sol;;100;150;140;100;90;90;3;VRAI
425;Groudon primaire;Sol;Feu;100;180;160;150;90;90;3;VRAI
426;Rayquaza;Dragon;Vol;105;150;90;150;90;95;3;VRAI
427;Mega Rayquaza;Dragon;Vol;105;180;100;180;100;115;3;VRAI
428;Jirachi;Acier;Psy;100;100;100;100;100;100;3;VRAI
429;Deoxys forme normale;Psy;;50;150;50;150;50;150;3;VRAI
430;Deoxys forme attaque;Psy;;50;180;20;180;20;150;3;VRAI
431;Deoxys forme défense;Psy;;50;70;160;70;160;90;3;VRAI
432;Deoxys forme rapide;Psy;;50;95;90;95;90;180;3;VRAI
433;Tortipouss;Herbe;;55;68;64;45;55;31;4;FAUX
434;Boskara;Herbe;;75;89;85;55;65;36;4;FAUX
435;Torterra;Herbe;Sol;95;109;105;75;85;56;4;FAUX
436;Ouisticram;Feu;;44;58;44;58;44;61;4;FAUX
437;Chimpenfeu;Feu;Combat;64;78;52;78;52;81;4;FAUX
438;Simiabraz;Feu;Combat;76;104;71;104;71;108;4;FAUX
439;Tiplouf;Eau;;53;51;53;61;56;40;4;FAUX
440;Prinplouf;Eau;;64;66;68;81;76;50;4;FAUX
441;Pingoléon;Eau;Acier;84;86;88;111;101;60;4;FAUX
442;Étourmi;Normal;Vol;40;55;30;30;30;60;4;FAUX
443;Étourvol;Normal;Vol;55;75;50;40;40;80;4;FAUX
444;Étouraptor;Normal;Vol;85;120;70;50;60;100;4;FAUX
445;Keunotor;Normal;;59;45;40;35;40;31;4;FAUX
446;Castorno;Normal;Eau;79;85;60;55;60;71;4;FAUX
447;Crikzik;Insecte;;37;25;41;25;41;25;4;FAUX
448;Mélokrik;Insecte;;77;85;51;55;51;65;4;FAUX
449;Lixy;Electrique;;45;65;34;40;34;45;4;FAUX
450;Luxio;Electrique;;60;85;49;60;49;60;4;FAUX
451;Luxray;Electrique;;80;120;79;95;79;70;4;FAUX
452;Rozbouton;Herbe;Poison;40;30;35;50;70;55;4;FAUX
453;Roserade;Herbe;Poison;60;70;65;125;105;90;4;FAUX
454;Kranidos;Roche;;67;125;40;30;30;58;4;FAUX
455;Charkos;Roche;;97;165;60;65;50;58;4;FAUX
456;Dinoclier;Roche;Acier;30;42;118;42;88;30;4;FAUX
457;Bastiodon;Roche;Acier;60;52;168;47;138;30;4;FAUX
458;Cheniti;Insecte;;40;29;45;29;45;36;4;FAUX
459;Cheniselle cape de plante;Insecte;Herbe;60;59;85;79;105;36;4;FAUX
460;Cheniselle cape de sable;Insecte;Sol;60;79;105;59;85;36;4;FAUX
461;Cheniselle cape de corbeille;Insecte;Acier;60;69;95;69;95;36;4;FAUX
462;Papilord;Insecte;Vol;70;94;50;94;50;66;4;FAUX
463;Apitrini;Insecte;Vol;30;30;42;30;42;70;4;FAUX
464;Apireine;Insecte;Vol;70;80;102;80;102;40;4;FAUX
465;Pachirisu;Electrique;;60;45;70;45;90;95;4;FAUX
466;Mustébouée;Eau;;55;65;35;60;30;85;4;FAUX
467;Mustéflott;Eau;;85;105;55;85;50;115;4;FAUX
468;Ceribou;Herbe;;45;35;45;62;53;35;4;FAUX
469;Ceriflor;Herbe;;70;60;70;87;78;85;4;FAUX
470;Sancoki;Eau;;76;48;48;57;62;34;4;FAUX
471;Tritosor;Eau;Sol;111;83;68;92;82;39;4;FAUX
472;Capidextre;Normal;;75;100;66;60;66;115;4;FAUX
473;Baudrive;Spectre;Vol;90;50;34;60;44;70;4;FAUX
474;Grodrive;Spectre;Vol;150;80;44;90;54;80;4;FAUX
475;Laporeille;Normal;;55;66;44;44;56;85;4;FAUX
476;Lockpin;Normal;;65;76;84;54;96;105;4;FAUX
477;Mega Lockpin;Normal;Combat;65;136;94;54;96;135;4;FAUX
478;Magirêve;Spectre;;60;60;60;105;105;105;4;FAUX
479;Corboss;Obscur;Vol;100;125;52;105;52;71;4;FAUX
480;Chaglam;Normal;;49;55;42;42;37;85;4;FAUX
481;Chaffreux;Normal;;71;82;64;64;59;112;4;FAUX
482;Korillon;Psy;;45;30;50;65;50;45;4;FAUX
483;Moufouette;Poison;Obscur;63;63;47;41;41;74;4;FAUX
484;Moufflair;Poison;Obscur;103;93;67;71;61;84;4;FAUX
485;Archéomire;Acier;Psy;57;24;86;24;86;23;4;FAUX
486;Archéodong;Acier;Psy;67;89;116;79;116;33;4;FAUX
487;Manzaï;Roche;;50;80;95;10;45;10;4;FAUX
488;Mime Jr.;Psy;Fée;20;25;45;70;90;60;4;FAUX
489;Ptiravi;Normal;;100;5;5;15;65;30;4;FAUX
490;Pijako;Normal;Vol;76;65;45;92;42;91;4;FAUX
491;Spiritomb;Spectre;Obscur;50;92;108;92;108;35;4;FAUX
492;Griknot;Dragon;Sol;58;70;45;40;45;42;4;FAUX
493;Carmache;Dragon;Sol;68;90;65;50;55;82;4;FAUX
494;Carchacrok;Dragon;Sol;108;130;95;80;85;102;4;FAUX
495;Mega Carchacrok;Dragon;Sol;108;170;115;120;95;92;4;FAUX
496;Goinfrex;Normal;;135;85;40;40;85;5;4;FAUX
497;Riolu;Combat;;40;70;40;35;40;60;4;FAUX
498;Lucario;Combat;Acier;70;110;70;115;70;90;4;FAUX
499;Mega Lucario;Combat;Acier;70;145;88;140;70;112;4;FAUX
500;Hippopotas;Sol;;68;72;78;38;42;32;4;FAUX
501;Hippodocus;Sol;;108;112;118;68;72;47;4;FAUX
502;Rapion;Poison;Insecte;40;50;90;30;55;65;4;FAUX
503;Drascore;Poison;Obscur;70;90;110;60;75;95;4;FAUX
504;Cradopaud;Poison;Combat;48;61;40;61;40;50;4;FAUX
505;Coatox;Poison;Combat;83;106;65;86;65;85;4;FAUX
506;Vortente;Herbe;;74;100;72;90;72;46;4;FAUX
507;Écayon;Eau;;49;49;56;49;61;66;4;FAUX
508;Luminéon;Eau;;69;69;76;69;86;91;4;FAUX
509;Babimanta;Eau;Vol;45;20;50;60;120;50;4;FAUX
510;Blizzi;Herbe;Glace;60;62;50;62;60;40;4;FAUX
511;Blizzaroi;Herbe;Glace;90;92;75;92;85;60;4;FAUX
512;Mega Blizzaroi;Herbe;Glace;90;132;105;132;105;30;4;FAUX
513;Dimoret;Obscur;Glace;70;120;65;45;85;125;4;FAUX
514;Magnézone;Electrique;Acier;70;70;115;130;90;60;4;FAUX
515;Coudlangue;Normal;;110;85;95;80;95;50;4;FAUX
516;Rhinastoc;Sol;Roche;115;140;130;55;55;40;4;FAUX
517;Bouldeneu;Herbe;;100;100;125;110;50;50;4;FAUX
518;Élekable;Electrique;;75;123;67;95;85;95;4;FAUX
519;Maganon;Feu;;75;95;67;125;95;83;4;FAUX
520;Togekiss;Fée;Vol;85;50;95;120;115;80;4;FAUX
521;Yanméga;Insecte;Vol;86;76;86;116;56;95;4;FAUX
522;Phyllali;Herbe;;65;110;130;60;65;95;4;FAUX
523;Givrali;Glace;;65;60;110;130;95;65;4;FAUX
524;Scorvol;Sol;Vol;75;95;125;45;75;95;4;FAUX
525;Mammochon;Glace;Sol;110;130;80;70;60;80;4;FAUX
526;Porygon-Z;Normal;;85;80;70;135;75;90;4;FAUX
527;Gallame;Psy;Combat;68;125;65;65;115;80;4;FAUX
528;Mega Gallame;Psy;Combat;68;165;95;65;115;110;4;FAUX
529;Tarinorme;Roche;Acier;60;55;145;75;150;40;4;FAUX
530;Noctunoir;Spectre;;45;100;135;65;135;45;4;FAUX
531;Momartik;Glace;Spectre;70;80;70;80;70;110;4;FAUX
532;Motisma;Electrique;Spectre;50;50;77;95;77;91;4;FAUX
533;Motisma chaud;Electrique;Feu;50;65;107;105;107;86;4;FAUX
534;Mirosa lavage;Electrique;Eau;50;65;107;105;107;86;4;FAUX
535;Motisma frost;Electrique;Glace;50;65;107;105;107;86;4;FAUX
536;Motisma;Electrique;Vol;50;65;107;105;107;86;4;FAUX
537;Mitosma tondu;Electrique;Herbe;50;65;107;105;107;86;4;FAUX
538;Créhelf;Psy;;75;75;130;75;130;95;4;VRAI
539;Créfollet;Psy;;80;105;105;105;105;80;4;VRAI
540;Créfadet;Psy;;75;125;70;125;70;115;4;VRAI
541;Dialga;Acier;Dragon;100;120;120;150;100;90;4;VRAI
542;Palkia;Eau;Dragon;90;120;100;150;120;100;4;VRAI
543;Heatran;Feu;Acier;91;90;106;130;106;77;4;VRAI
544;Regigigas;Normal;;110;160;110;80;110;100;4;VRAI
545;Giratina forme modifiée;Spectre;Dragon;150;100;120;100;120;90;4;VRAI
546;Giratina forme originale;Spectre;Dragon;150;120;100;120;100;90;4;VRAI
547;Cresselia;Psy;;120;70;120;75;130;85;4;FAUX
548;Phione;Eau;;80;80;80;80;80;80;4;FAUX
549;Manaphy;Eau;;100;100;100;100;100;100;4;FAUX
550;Darkrai;Obscur;;70;90;90;135;90;125;4;VRAI
551;Shaymin forme de terre;Herbe;;100;100;100;100;100;100;4;VRAI
552;Shaymin forme de ciel;Herbe;Vol;100;103;75;120;75;127;4;VRAI
553;Arceus;Normal;;120;120;120;120;120;120;4;VRAI
554;Victini;Psy;Feu;100;100;100;100;100;100;5;VRAI
555;Vipélierre;Herbe;;45;45;55;45;55;63;5;FAUX
556;Lianaja;Herbe;;60;60;75;60;75;83;5;FAUX
557;Majaspic;Herbe;;75;75;95;75;95;113;5;FAUX
558;Gruikui;Feu;;65;63;45;45;45;45;5;FAUX
559;Grotichon;Feu;Combat;90;93;55;70;55;55;5;FAUX
560;Roitiflam;Feu;Combat;110;123;65;100;65;65;5;FAUX
561;Moustillon;Eau;;55;55;45;63;45;45;5;FAUX
562;Mateloutre;Eau;;75;75;60;83;60;60;5;FAUX
563;Clamiral;Eau;;95;100;85;108;70;70;5;FAUX
564;Ratentif;Normal;;45;55;39;35;39;42;5;FAUX
565;Miradar;Normal;;60;85;69;60;69;77;5;FAUX
566;Ponchiot;Normal;;45;60;45;25;45;55;5;FAUX
567;Ponchien;Normal;;65;80;65;35;65;60;5;FAUX
568;Mastouffe;Normal;;85;110;90;45;90;80;5;FAUX
569;Chacripan;Obscur;;41;50;37;50;37;66;5;FAUX
570;Léopardus;Obscur;;64;88;50;88;50;106;5;FAUX
571;Feuillajou;Herbe;;50;53;48;53;48;64;5;FAUX
572;Feuiloutan;Herbe;;75;98;63;98;63;101;5;FAUX
573;Flamajou;Feu;;50;53;48;53;48;64;5;FAUX
574;Flamoutan;Feu;;75;98;63;98;63;101;5;FAUX
575;Flotajou;Eau;;50;53;48;53;48;64;5;FAUX
576;Flotoutan;Eau;;75;98;63;98;63;101;5;FAUX
577;Munna;Psy;;76;25;45;67;55;24;5;FAUX
578;Mushana;Psy;;116;55;85;107;95;29;5;FAUX
579;Poichigeon;Normal;Vol;50;55;50;36;30;43;5;FAUX
580;Colombeau;Normal;Vol;62;77;62;50;42;65;5;FAUX
581;Déflaisan;Normal;Vol;80;115;80;65;55;93;5;FAUX
582;Zébribon;Electrique;;45;60;32;50;32;76;5;FAUX
583;Zéblitz;Electrique;;75;100;63;80;63;116;5;FAUX
584;Nodulithe;Roche;;55;75;85;25;25;15;5;FAUX
585;Géolithe;Roche;;70;105;105;50;40;20;5;FAUX
586;Gigalithe;Roche;;85;135;130;60;80;25;5;FAUX
587;Chovsourir;Psy;Vol;55;45;43;55;43;72;5;FAUX
588;Rhinolove;Psy;Vol;67;57;55;77;55;114;5;FAUX
589;Rototaupe;Sol;;60;85;40;30;45;68;5;FAUX
590;Minotaupe;Sol;Acier;110;135;60;50;65;88;5;FAUX
591;Nanméouïe;Normal;;103;60;86;60;86;50;5;FAUX
592;Mega Nanméouïe;Normal;Fée;103;60;126;80;126;50;5;FAUX
593;Charpenti;Combat;;75;80;55;25;35;35;5;FAUX
594;Ouvrifier;Combat;;85;105;85;40;50;40;5;FAUX
595;Bétochef;Combat;;105;140;95;55;65;45;5;FAUX
596;Tritonde;Eau;;50;50;40;50;40;64;5;FAUX
597;Batracné;Eau;Sol;75;65;55;65;55;69;5;FAUX
598;Crapustule;Eau;Sol;105;95;75;85;75;74;5;FAUX
599;Judokrak;Combat;;120;100;85;30;85;45;5;FAUX
600;Karaclée;Combat;;75;125;75;30;75;85;5;FAUX
601;Larveyette;Insecte;Herbe;45;53;70;40;60;42;5;FAUX
602;Couverdure;Insecte;Herbe;55;63;90;50;80;42;5;FAUX
603;Manternel;Insecte;Herbe;75;103;80;70;80;92;5;FAUX
604;Venipatte;Insecte;Poison;30;45;59;30;39;57;5;FAUX
605;Scobolide;Insecte;Poison;40;55;99;40;79;47;5;FAUX
606;Brutapode;Insecte;Poison;60;100;89;55;69;112;5;FAUX
607;Doudouvet;Herbe;Fée;40;27;60;37;50;66;5;FAUX
608;Farfaduvet;Herbe;Fée;60;67;85;77;75;116;5;FAUX
609;Chlorobule;Herbe;;45;35;50;70;50;30;5;FAUX
610;Fragilady;Herbe;;70;60;75;110;75;90;5;FAUX
611;Bargantua;Eau;;70;92;65;80;55;98;5;FAUX
612;Mascaïman;Sol;Obscur;50;72;35;35;35;65;5;FAUX
613;Escroco;Sol;Obscur;60;82;45;45;45;74;5;FAUX
614;Crocorible;Sol;Obscur;95;117;80;65;70;92;5;FAUX
615;Darumarond;Feu;;70;90;45;15;45;50;5;FAUX
616;Darumacho forme standard;Feu;;105;140;55;30;55;95;5;FAUX
617;Darumacho mode zen;Feu;Psy;105;30;105;140;105;55;5;FAUX
618;Maracachi;Herbe;;75;86;67;106;67;60;5;FAUX
619;Crabicoque;Insecte;Roche;50;65;85;35;35;55;5;FAUX
620;Crabaraque;Insecte;Roche;70;95;125;65;75;45;5;FAUX
621;Baggiguane;Obscur;Combat;50;75;70;35;70;48;5;FAUX
622;Baggaïd;Obscur;Combat;65;90;115;45;115;58;5;FAUX
623;Cryptéro;Psy;Vol;72;58;80;103;80;97;5;FAUX
624;Tutafeh;Spectre;;38;30;85;55;65;30;5;FAUX
625;Tutankafer;Spectre;;58;50;145;95;105;30;5;FAUX
626;Carapagos;Eau;Roche;54;78;103;53;45;22;5;FAUX
627;Mégapagos;Eau;Roche;74;108;133;83;65;32;5;FAUX
628;Arkéapti;Roche;Vol;55;112;45;74;45;70;5;FAUX
629;Aéroptéryx;Roche;Vol;75;140;65;112;65;110;5;FAUX
630;Miamiasme;Poison;;50;50;62;40;62;65;5;FAUX
631;Miasmax;Poison;;80;95;82;60;82;75;5;FAUX
632;Zorua;Obscur;;40;65;40;80;40;65;5;FAUX
633;Zoroark;Obscur;;60;105;60;120;60;105;5;FAUX
634;Chinchidou;Normal;;55;50;40;40;40;75;5;FAUX
635;Pashmilla;Normal;;75;95;60;65;60;115;5;FAUX
636;Scrutella;Psy;;45;30;50;55;65;45;5;FAUX
637;Mesmérella;Psy;;60;45;70;75;85;55;5;FAUX
638;Sidérella;Psy;;70;55;95;95;110;65;5;FAUX
639;Nucléos;Psy;;45;30;40;105;50;20;5;FAUX
640;Méios;Psy;;65;40;50;125;60;30;5;FAUX
641;Symbios;Psy;;110;65;75;125;85;30;5;FAUX
642;Couaneton;Eau;Vol;62;44;50;44;50;55;5;FAUX
643;Lakmécygne;Eau;Vol;75;87;63;87;63;98;5;FAUX
644;Sorbébé;Glace;;36;50;50;65;60;44;5;FAUX
645;Sorboul;Glace;;51;65;65;80;75;59;5;FAUX
646;Sorbouboul;Glace;;71;95;85;110;95;79;5;FAUX
647;Vivaldaim;Normal;Herbe;60;60;50;40;50;75;5;FAUX
648;Haydaim;Normal;Herbe;80;100;70;60;70;95;5;FAUX
649;Emolga;Electrique;Vol;55;75;60;75;60;103;5;FAUX
650;Carabing;Insecte;;50;75;45;40;45;60;5;FAUX
651;Lançargot;Insecte;Acier;70;135;105;60;105;20;5;FAUX
652;Trompignon;Herbe;Poison;69;55;45;55;55;15;5;FAUX
653;Gaulet;Herbe;Poison;114;85;70;85;80;30;5;FAUX
654;Viskuse;Eau;Spectre;55;40;50;65;85;40;5;FAUX
655;Moyade;Eau;Spectre;100;60;70;85;105;60;5;FAUX
656;Mamanbo;Eau;;165;75;80;40;45;65;5;FAUX
657;Statitik;Insecte;Electrique;50;47;50;57;50;65;5;FAUX
658;Mygavolt;Insecte;Electrique;70;77;60;97;60;108;5;FAUX
659;Grindur;Herbe;Acier;44;50;91;24;86;10;5;FAUX
660;Noacier;Herbe;Acier;74;94;131;54;116;20;5;FAUX
661;Tic;Acier;;40;55;70;45;60;30;5;FAUX
662;Clic;Acier;;60;80;95;70;85;50;5;FAUX
663;Cliticlic;Acier;;60;100;115;70;85;90;5;FAUX
664;Anchwatt;Electrique;;35;55;40;45;40;60;5;FAUX
665;Lampéroie;Electrique;;65;85;70;75;70;40;5;FAUX
666;Ohmassacre;Electrique;;85;115;80;105;80;50;5;FAUX
667;Lewsor;Psy;;55;55;55;85;55;30;5;FAUX
668;Neitram;Psy;;75;75;75;125;95;40;5;FAUX
669;Funécire;Spectre;Feu;50;30;55;65;55;20;5;FAUX
670;Mélancolux;Spectre;Feu;60;40;60;95;60;55;5;FAUX
671;Lugulabre;Spectre;Feu;60;55;90;145;90;80;5;FAUX
672;Coupenotte;Dragon;;46;87;60;30;40;57;5;FAUX
673;Incisache;Dragon;;66;117;70;40;50;67;5;FAUX
674;Tranchodon;Dragon;;76;147;90;60;70;97;5;FAUX
675;Polarhume;Glace;;55;70;40;60;40;40;5;FAUX
676;Polagriffe;Glace;;95;110;80;70;80;50;5;FAUX
677;Hexagel;Glace;;70;50;30;95;135;105;5;FAUX
678;Escargaume;Insecte;;50;40;85;40;65;25;5;FAUX
679;Limaspeed;Insecte;;80;70;40;100;60;145;5;FAUX
680;Limonde;Sol;Electrique;109;66;84;81;99;32;5;FAUX
681;Kungfouine;Combat;;45;85;50;55;50;65;5;FAUX
682;Shaofouine;Combat;;65;125;60;95;60;105;5;FAUX
683;Drakkarmin;Dragon;;77;120;90;60;90;48;5;FAUX
684;Gringolem;Sol;Spectre;59;74;50;35;50;35;5;FAUX
685;Golemastoc;Sol;Spectre;89;124;80;55;80;55;5;FAUX
686;Scalpion;Obscur;Acier;45;85;70;40;40;60;5;FAUX
687;Scalproie;Obscur;Acier;65;125;100;60;70;70;5;FAUX
688;Frison;Normal;;95;110;95;40;95;55;5;FAUX
689;Furaiglon;Normal;Vol;70;83;50;37;50;60;5;FAUX
690;Gueriaigle;Normal;Vol;100;123;75;57;75;80;5;FAUX
691;Vostourno;Obscur;Vol;70;55;75;45;65;60;5;FAUX
692;Vaututrice;Obscur;Vol;110;65;105;55;95;80;5;FAUX
693;Aflamanoir;Feu;;85;97;66;105;66;65;5;FAUX
694;Fermite;Insecte;Acier;58;109;112;48;48;109;5;FAUX
695;Solochi;Obscur;Dragon;52;65;50;45;50;38;5;FAUX
696;Diamat;Obscur;Dragon;72;85;70;65;70;58;5;FAUX
697;Trioxhydre;Obscur;Dragon;92;105;90;125;90;98;5;FAUX
698;Pyronille;Insecte;Feu;55;85;55;50;55;60;5;FAUX
699;Pyrax;Insecte;Feu;85;60;65;135;105;100;5;FAUX
700;Cobaltium;Acier;Combat;91;90;129;90;72;108;5;VRAI
701;Terrakium;Roche;Combat;91;129;90;72;90;108;5;VRAI
702;Viridium;Herbe;Combat;91;90;72;90;129;108;5;VRAI
703;Boréas forme Incarnate;Vol;;79;115;70;125;80;111;5;VRAI
704;Boréas forme Therian;Vol;;79;100;80;110;90;121;5;VRAI
705;Fulguris forme Incarnate;Electrique;Vol;79;115;70;125;80;111;5;VRAI
706;Fulguris forme Therian;Electrique;Vol;79;105;70;145;80;101;5;VRAI
707;Reshiram;Dragon;Feu;100;120;100;150;120;90;5;VRAI
708;Zekrom;Dragon;Electrique;100;150;120;120;100;90;5;VRAI
709;Démétéros forme incarnée;Sol;Vol;89;125;90;115;80;101;5;VRAI
710;Démétéros forme Therian;Sol;Vol;89;145;90;105;80;91;5;VRAI
711;Kyurem;Dragon;Glace;125;130;90;130;90;95;5;VRAI
712;Kyurem noir;Dragon;Glace;125;170;100;120;90;95;5;VRAI
713;Kyurem blanc;Dragon;Glace;125;120;90;170;100;95;5;VRAI
714;Keldeo forme ordinaire;Eau;Combat;91;72;90;129;90;108;5;FAUX
715;Keldeo forme resolue;Eau;Combat;91;72;90;129;90;108;5;FAUX
716;Meloetta forme Aria;Normal;Psy;100;77;77;128;128;90;5;FAUX
717;Meloetta forme Pirouette;Normal;Combat;100;128;90;77;77;128;5;FAUX
718;Genesect;Insecte;Acier;71;120;95;120;95;99;5;FAUX
719;Marisson;Herbe;;56;61;65;48;45;38;6;FAUX
720;Boguérisse;Herbe;;61;78;95;56;58;57;6;FAUX
721;Blindépique;Herbe;Combat;88;107;122;74;75;64;6;FAUX
722;Feunnec;Feu;;40;45;40;62;60;60;6;FAUX
723;Roussil;Feu;;59;59;58;90;70;73;6;FAUX
724;Goupelin;Feu;Psy;75;69;72;114;100;104;6;FAUX
725;Grenousse;Eau;;41;56;40;62;44;71;6;FAUX
726;Croâporal;Eau;;54;63;52;83;56;97;6;FAUX
727;Amphinobi;Eau;Obscur;72;95;67;103;71;122;6;FAUX
728;Sapereau;Normal;;38;36;38;32;36;57;6;FAUX
729;Excavarenne;Normal;Sol;85;56;77;50;77;78;6;FAUX
730;Passerouge;Normal;Vol;45;50;43;40;38;62;6;FAUX
731;Braisillon;Feu;Vol;62;73;55;56;52;84;6;FAUX
732;Flambusard;Feu;Vol;78;81;71;74;69;126;6;FAUX
733;Lépidonille;Insecte;;38;35;40;27;25;35;6;FAUX
734;Pérégrain;Insecte;;45;22;60;27;30;29;6;FAUX
735;Prismillon;Insecte;Vol;80;52;50;90;50;89;6;FAUX
736;Hélionceau;Feu;Normal;62;50;58;73;54;72;6;FAUX
737;Némélios;Feu;Normal;86;68;72;109;66;106;6;FAUX
738;Flabébé;Fée;;44;38;39;61;79;42;6;FAUX
739;Floette;Fée;;54;45;47;75;98;52;6;FAUX
740;Florges;Fée;;78;65;68;112;154;75;6;FAUX
741;Cabriolaine;Herbe;;66;65;48;62;57;52;6;FAUX
742;Chevroum;Herbe;;123;100;62;97;81;68;6;FAUX
743;Pandespiègle;Combat;;67;82;62;46;48;43;6;FAUX
744;Pandarbare;Combat;Obscur;95;124;78;69;71;58;6;FAUX
745;Couafarel;Normal;;75;80;60;65;90;102;6;FAUX
746;Psystigri;Psy;;62;48;54;63;60;68;6;FAUX
747;Mistigrix Male;Psy;;74;48;76;83;81;104;6;FAUX
748;Mistigrix Femelle;Psy;;74;48;76;83;81;104;6;FAUX
749;Monorpale;Acier;Spectre;45;80;100;35;37;28;6;FAUX
750;Dimoclès;Acier;Spectre;59;110;150;45;49;35;6;FAUX
751;Exagide forme de lame;Acier;;60;150;50;150;50;60;6;FAUX
752;Exagide forme de bouclier;Acier;Spectre;60;50;150;50;150;60;6;FAUX
753;Fluvetin;Fée;;78;52;60;63;65;23;6;FAUX
754;Cocotine;Fée;;101;72;72;99;89;29;6;FAUX
755;Sucroquin;Fée;;62;48;66;59;57;49;6;FAUX
756;Cupcanaille;Fée;;82;80;86;85;75;72;6;FAUX
757;Sepiatop;Obscur;Psy;53;54;53;37;46;45;6;FAUX
758;Sepiatroce;Obscur;Psy;86;92;88;68;75;73;6;FAUX
759;Opermine;Roche;Eau;42;52;67;39;56;50;6;FAUX
760;Golgopathe;Roche;Eau;72;105;115;54;86;68;6;FAUX
761;Venalgue;Poison;Eau;50;60;60;60;60;30;6;FAUX
762;Kravarech;Poison;Dragon;65;75;90;97;123;44;6;FAUX
763;Flingouste;Eau;;50;53;62;58;63;44;6;FAUX
764;Gamblast;Eau;;71;73;88;120;89;59;6;FAUX
765;Galvaran;Electrique;Normal;44;38;33;61;43;70;6;FAUX
766;Iguolta;Electrique;Normal;62;55;52;109;94;109;6;FAUX
767;Ptyranidur;Roche;Dragon;58;89;77;45;45;48;6;FAUX
768;Rexillius;Roche;Dragon;82;121;119;69;59;71;6;FAUX
769;Amagara;Roche;Glace;77;59;50;67;63;46;6;FAUX
770;Dragmara;Roche;Glace;123;77;72;99;92;58;6;FAUX
771;Nymphali;Fée;;95;65;65;110;130;60;6;FAUX
772;Brutalibré;Combat;Vol;78;92;75;74;63;118;6;FAUX
773;Dedenne;Electrique;Fée;67;58;57;81;67;101;6;FAUX
774;Strassie;Roche;Fée;50;50;150;50;150;50;6;FAUX
775;Mucuscule;Dragon;;45;50;35;55;75;40;6;FAUX
776;Colimucus;Dragon;;68;75;53;83;113;60;6;FAUX
777;Muplodocus;Dragon;;90;100;70;110;150;80;6;FAUX
778;Trousselin;Acier;Fée;57;80;91;80;87;75;6;FAUX
779;Brocélôme;Spectre;Herbe;43;70;48;50;60;38;6;FAUX
780;Desséliande;Spectre;Herbe;85;110;76;65;82;56;6;FAUX
781;Pitrouille taille moyenne;Spectre;Herbe;49;66;70;44;55;51;6;FAUX
782;Pitrouille petite taille;Spectre;Herbe;44;66;70;44;55;56;6;FAUX
783;Pitrouille grande taille;Spectre;Herbe;54;66;70;44;55;46;6;FAUX
784;Pitrouille super taille;Spectre;Herbe;59;66;70;44;55;41;6;FAUX
785;Banshitrouye taille moyenne;Spectre;Herbe;65;90;122;58;75;84;6;FAUX
786;Banshitrouye petite taille;Spectre;Herbe;55;85;122;58;75;99;6;FAUX
787;Banshitrouye grande taille;Spectre;Herbe;75;95;122;58;75;69;6;FAUX
788;Banshitrouye super taille;Spectre;Herbe;85;100;122;58;75;54;6;FAUX
789;Grelaçon;Glace;;55;69;85;32;35;28;6;FAUX
790;Séracrawl;Glace;;95;117;184;44;46;28;6;FAUX
791;Sonistrelle;Vol;Dragon;40;30;35;45;40;55;6;FAUX
792;Bruyverne;Vol;Dragon;85;70;80;97;80;123;6;FAUX
793;Xerneas;Fée;;126;131;95;131;98;99;6;VRAI
794;Yveltal;Obscur;Vol;126;131;95;131;98;99;6;VRAI
795;Zygarde demi forme;Dragon;Sol;108;100;121;81;95;95;6;VRAI
796;Diancie;Roche;Fée;50;100;150;100;150;50;6;VRAI
797;Mega Diancie;Roche;Fée;50;160;110;160;110;110;6;VRAI
798;Hoopa confiné;Psy;Spectre;80;110;60;150;130;70;6;VRAI
799;Hoopa non lié;Psy;Obscur;80;160;60;170;130;80;6;VRAI
800;Volcanion;Feu;Eau;80;110;120;130;90;70;6;VRAI